{"initial_reset_timestamp": 25352.574459899, "timestamps": [25362.320509575, 25367.682313447, 25372.782714955, 25378.869215482, 25385.229797191, 25392.191291406, 25399.668253972, 25407.273322089], "episode_lengths": [50, 16, 14, 15, 16, 16, 17, 15], "episode_rewards": [-17520.362339914413, -4951.578425772326, -4231.2163523725, -4528.437422111316, -5053.507905396989, -5264.719543160477, -5457.027035581029, -4779.924021561899], "episode_types": ["t", "t", "t", "t", "t", "t", "t", "t"]}